cleaned_article,label,classification_multi,classification_binary
vieram forte domingo produção industrial venda varejo china bimestre mudar aposta pequim manter juro amanhã noite bateria decisão política monetário semana bcs global decidir juro particular atenção de eles fed consolidar junho partida corte encurtar ciclo queda inflação resistente suspense gráfico precificar redução juro trazer pressão global dólar encostar japão boj acabar juro negativo decisão sair hoje normalização taxa passar abril copom super forward guidance corte próximo reunião plural ser testar semana movimentado negócio reservar relatório bimestral avaliação orçamento enviar congresso,0,0,
documento definizer ser necessário bloquear despesa cumprimento meta fiscal zerar déficit conta público receita computar ajudar reduzir contingenciamento,0,-1,
decisão estratégico medida provisória atualmente revogar perse reonerar prefeitura ser mantir equipe econômico contabilizar aumento receita prever apesar tema ser enviar pl,0,1,
entendimento governo congresso analisar relatório bimestral veto lula bi emenda comissão esforço equipe econômico limitar contingenciamento,-1,1,1.0
último semana simone tebet antecipar bloqueio esperar surpresa positivo arrecadação federal janeiro fevereiro divulgar,0,0,
dizer tebet executivo provavelmente precisar resposta tcu possibilidade bloquear necessário preservar meta fiscal,0,0,
consulta tribunal planejamento estimar regra prever ldo limitar bloqueio bi cerca bi mercado estimar necessário cumprimento meta,-1,1,1.0
folha sábado técnico calcular governo lula precisar bloquear volume orçamento cumprir limite despesa arcabouço fiscal,-1,-1,-1.0
mercado consenso meta fiscal ser mudar alteração ficar relatório bimestral maio governo ter clareza situação conta,-1,0,-1.0
seja recentemente fonte consultar exame descartar equipe econômico aponte déficit fiscal produto interno inferior rombo projetar mercado focus,-1,-1,-1.0
ficar ansiedade ar haddad continuar bancar promessa sobrevida déficit melhora percepção fiscal início ano fazenda dar algum choque imediato realidade,-1,0,1.0
mercado continuar colocar dúvida capacidade governo arrecadar necessário atingir meta déficit ano tesouro turbinar projeção receita relatório divulgar,-1,0,-1.0
atualizar potencial pacote receita adicional ano,1,1,1.0
órgão ressalva haver previsão revisar potencial arrecadação ajuste instrumento juro capital jcp dado ter sofrer reavaliação,0,0,
imposto renda secretário extraordinário reforma tributário bernardo appy dizer nenhum projeto ser enviar governo congresso hoje vencer prazo dia enviar proposta texto,0,0,
semana passado informar devido fato ano eleitoral fazenda adiar envio plano reforma tributário renda tratar item cobrança imposto renda dividendo,0,-1,
copom apesar inflação serviço índice nacional preço consumidor amplo fev assustar série dado forte último dia serviço venr varejo geração emprego caged levantar especulação trajetória especial liquidação custódia,0,0,
economista duvidar banco central encerrer ciclo corte atingir retirada forward guidance deixa copom cortar maio parar cortar junho julho,-1,0,-1.0
galípolo guillen andar telegrafar compromisso corte especial liquidação custódia quebrar algum avaliação banco,-1,0,1.0
itaú provável banco central preferir conservar prescrição evitar aumento excessivo volatilidade negócio goldman sachs projetar manutenção alteração importante linguagem,0,0,
diretor pesquisa macroeconômico al goldman sachs alberto ramos trecho comunicado informar ser último copom oferecer sinalização reunião,0,0,
alternativa executivo banco central adicionar condicionante texto dizer comitê esperar redução mesmo magnitude especial liquidação custódia despistar próximo passo,0,0,
existe possibilidade ramos copom preservar guidance reforçar natureza condicional sinalização esclarecer válido caso cenário básico banco central materializar,0,0,
coincidindo surpresa inflação pressionar fôlego atividade copom primeiro sinal pretender ganhar liberdade comprometer próximo passo política monetário,0,0,
copom investidor conferir hoje ritmo produto interno bruto banco central desempenho venda varejo ampliar volume serviço sustentar crescimento janeiro,0,0,
mercado prever avanço dezembro projeção broadcast queda alta base anualizar dado avançar mediana dezembro,0,-1,
inflação sair hoje cair março cair fevereiro perda ímpeto deflação preço agropecuário produtor,0,-1,
agenda doméstico sair prévia hoje amanhã,0,0,
balanços temporada resultado trimestral prosseguir hoje embraer abertura negócio magazine luiza braskem itaúsa ir sbf centauro fechamento mercado,0,0,
jsl apresentar dado financeiro amanhã ter demonstração equatorial cogna locaweb vivara sabesp cemig cpfl gafisa fechando semana sair qualicorp,0,0,
lula convocar hoje reunião ministerial ano encontro reunir ministro planalto ocorrer queda aprovação governo federal pesquisa opinião crise petrobras,0,0,
participar encontro haddad desistir viagem fazer alemanha tratar transição ecológico,0,0,
captações governo pedir senado ampliação bilhão bilhão bilhão teto estabelecer emissão título público exterior informar estadão,-1,0,1.0
bcs boe inglês decisão política monetário semana optar manter juro reunião seguir coragem cortar inflação,0,0,
dia decisão reino unido divulgar dado índice preço consumidor ppi fevereiro hoje dia inflação consumidor zona euro sair pmi compor lagarde bce discursa amanhã,0,0,
powell participar evento day after fed agenda indicador estados unidos fraco semana prever leitura preliminar março pmi compor índice nahb construtora hoje,0,0,
semana bcs austrália hoje turquia méxico rússia colômbia decidir juro japão feriado dia equinócio deixar mercado financeiro fechar,0,0,
japão organização sindical rengo confirmar negociação salarial desencadear aumento salarial médio ganho ano reforçar aposta alta juro hoje,0,0,
haver ano taxa negativo boj resolver promover pivô hawkish ser ano decidir apertar política monetário marcar virado histórico estratégia,0,0,
china hoje produção industrial subir bimestre igual período ano passado resultado vir acima esperar analista consultar wall street journal avanço,0,0,
venda varejo avançar comparação anual janeiro fevereiro superar projeção,0,0,
rússia vitória putin mandato domingo levantar contestação estados unidos ucrânia,0,-1,
eleição suspense pano fundo duro repressão oposição político liberdade expressão rússia soviético candidato simbólico autorizar concorrer,0,0,
comunicado casa branca dizer processo obviamente livre justo presidente ucrânia volodymyr zelensky criticar legitimidade eleição russo farsa ilegítimo acusar,0,0,
cenário singular aversão risco exterior dar surpreendentemente forte atividade doméstico pesar juro dólar índice bovespa,0,-1,
dia anterior estados unidos divulgar ppi acima esperar investidor estar ajustar posição cenário corte juro estados unidos,0,-1,
possibilidade copom encerrar ciclo corte especial liquidação custódia dígito causa economia aquecir impacto inflação,0,0,
varejo brasileiro surpreender serviço ficar acima esperar janeiro ante dezembro dado dezembro ajustar alta,0,1,
dado caged fevereiro ficar mostrar vaga criar dobro mediana estimativa,0,0,
colocar viés alta projeção produto interno dar força debate mudança forward guidance copom substituição plural singular próximo reunião,0,1,
sergio vale mb associados dado preocupação condução política monetário especialmente inflação serviço devidamente domar,0,0,
caso atividade continuar surpreender visão ver especial liquidação custódia abaixo consenso mercado mudar,0,-1,
juro subir depósito interfinanceiro avançar subir,-1,-1,-1.0
precificação especial liquidação custódia terminal dis véspera indicar aposta subir,-1,-1,-1.0
dólar acompanhar clima ruim testar teto grande dia pressão diminuir expectativa copom conservador favorecer carry trade,-1,1,1.0
mau humor externo contaminar índice bovespa fechar queda problema vale pressionar novamente índice,-1,-1,-1.0
recuo ação vir causa minério ferro cotar abaixo t agosto dalian perda forte,-1,-1,-1.0
declaração empresa josé luciano duarte penido haver interferência político processo sucessão eduardo bartolomeo continuar pesar,-1,0,-1.0
giro ibov inflar vencimento opção ação,0,0,
direção único petrobra on cair pn subir ice petróleo brent maio ficar estável barril wti abril recuar nymex,0,0,
semana brent subir wti alta,-1,0,-1.0
ação ligar consumo penalizar alta juro futuro cogna yduqs liderar perda último repercussão resultado,0,0,
casas bahia cair lojas renner baixar,0,-1,
bancos ficar misto banco brasil ganhar santander unit subir bradesco pn cair bradesco on ceder itaú unibanco recuar,0,0,
grande alta pregão azul petroreconcavo hypera,0,0,
espera fed percepção fed indicar ritmo corte juro semana continuar pressionar bolsa ny abastecer rodada alta juro treasuries,0,-1,
resistência inflação fevereiro surpreender mercado aposta início flexibilização sigo majoritária junho cair chance julho subir cme,0,0,
dado misto atividade dia ajudar formar aposta firme estados unidos informar produção industrial vir acima esperar estabilidade fevereiro,-1,-1,-1.0
dado janeiro revisar,0,-1,
leitura preliminar índice sentimento consumidor estados unidos cair fevereiro março expectativa avanço,0,-1,
expectativa inflação vir cair ficar seguir ano,0,-1,
lombard odier asset dado apontar economia fraco preço desaceler ritmo lento último dia mercado preferir abraçar narrativa inflação,0,-1,
ny peso alta retorno treasuries techs recuar nasdaq perder dow jones cair recuar,0,-1,
semana índice acumularar perda respectivamente,0,0,
tom cautela atribuir triple witching vencimento triplo opção ação índice futuro,0,0,
evento geralmente aumentar volatilidade mercado ocorrer delicar intensificar debate gráfico divulgar reunião fomc,0,0,
treasuries juro note ano avançar note ano subir ano cair,1,-1,-1.0
câmbio índice dxy ficar estabilidade semana subir alta semanal índice preço consumidor ppi forte esperar,0,0,
euro ficar estável libra ficar quase parado apesar expectativa boj elevar juro ano semana iene cair,0,0,
x antigo twitter presidente petrobras jean paul prates voltar defender noite exploração petróleo margem equatorial litoral norte brasil elemento fundamental transição energético,0,-1,
noite petrobra reiterar prometer sinalizar direção dividendo extraordinário evento analista investidor ny janeiro haver afirmar comunicar dia março,0,0,
empresa notícia voltar circular imprensa equivocar,0,0,
petrobra afirmar repudiar vazamento relatório técnico embasar discussão balanço administração informar tomar medida interno apuração responsabilização envolvido,0,0,
fato relevante companhia informar discutir mubadala capital formação parceria downstream avaliar aquisição participação refinaria mataripe refmat projeto biorrefinaria integrar biorrefinaria,0,0,
abreu lima andrade gutierrez novonor antigo odebrecht volta refinaria pivô operação lava jato empresa vencedora licitação obra complementação rnest,0,0,
construção início semestre ano procurada petrobras responder informação estadão,0,0,
braskem petroleira adnoc abu dhabi novonor sentar mesa oferta vinculante petroquímica tornar realidade reunião parte ocorrer semana apurar coluna estadão,0,0,
novonor defender revisão acordo leniência fechar união necessário refletir atual situação empresa faturar hoje faturar operação lava jato,0,0,
vale presidente substituir eduardo bartolomeo acionista representativo mineradora,1,0,-1.0
condição indicado ter conexão governo investidor retirar encontro administração mineradora passado decidir troca comando empresa,0,0,
mesmo reunião ficar acertado contratação empresa recrutamento executivo experiência internacional junho trabalho seleção lista tríplice nome encaminhar ser fazer setembro,0,0,
marisa divulgar prévia resultado financeiro operacional referente preliminar auditar lucro bruto varejo totalizar m ano,0,0,
receita líquido varejo recuar m ebitda varejo negativo m ante resultar positivo m ano,0,0,
gafisa informou noite sábado cvm decidir irregular convocação assembleia extraordinária age fundo esh theta dia assembleia ter pauta troca administração gafisa,0,0,
técnico colegiado cvm entender gafisa haver atendir pleito esh theta chamar assembleia abril caso chegar reguladora mercado pedido fundo estocolmo ravello,0,0,
construtoras setor construção civil pressionar governo reduzir subsídio oferta crédito compra imóvel usar linha atrelar recurso fundo garantia serviço fundo garantia serviço,0,0,
dado câmara brasileira indústria construção cbic cerca unidade financiar programa casa vida mcmv hoje imóvel usar linha voltar classe médio unidade usar,0,0,
petz petlove citi avaliar potencial combinação negócio empresa sentido conforme notícia circular levar oscilação ação petz índice bovespa,0,0,
broadcast petlove negar veementemente existência negociação envolver fusão petz,0,0,
oncoclínicas aprovou emissão debêntur simples conversível ação espécie quirografária série prazo vencimento ano ano serão debêntur unitário,0,0,
raízen comunicar publicar autorização início produção etanol geração parque bioenergia bonfim cidade guariba sp outorgar agência nacional petróleo gás natural biocombustíveis anp,0,0,
companhia iniciar comercialização planto g esperar capacidade nominal produção metro cúbicos anual comunicar encaminhar mercado,0,0,
emae diretor programa estadual desestatização aprovar condição geral privatização emae governo divulgar edital termo venda participação companhia,0,0,
informação prestar empresa comissão valores mobiliários cvm fato relevante,0,0,
venda emae ser tratar governo paulo termômetro futuro privatização sabesp,0,0,
sabesp consulta público contrato concessão receber sugestão população processo concluir noite governo paulo afirmar incorporar minuta privatização proposta aperfeiçoem projeto,0,0,
aéreas governo rever proposta socorro discutir agenda setor envolver crédito investimento sustentável mudança regulatório diminuir grau judicialização abrir mercado interno companhia estrangeiro,0,1,
apurar folha dificuldade financeiro empresa aéreo ser endereçar negociação reestruturação dívida situação demandar atuação emergencial evitar desestabilização setor,0,0,
inspira rede educação básico brasil receber investimento bilhão advent fundo americano private equity oferta inicial ação ipo,0,1,
pressão estímulo economia governo pequim promover semana reunião plenária anual estados unidos payroll fevereiro powell congresso americano comentar relatório semestral política monetário fed recomendar cortar juro confiança desinflação reforçar aposta ciclo começar junho bce reunir deixar agir junho campos neto palestra hoje sp dizer semana otimista governo entregar déficit fiscal projetar mercado noticiário corporativo causa suspense balanço petrobras polêmica dividendo,0,0,
investidor gostar prates plantar dúvida semana passado dividendo extraordinário contrariar aposta principal casa análise estatal poder anunciar distribuição bi,0,0,
comentário presidente estatal transição companhia potência energia renovável exigir cautela pagamento dividendo faltar fôlego papel petrobras,0,0,
ruído último imprensa veicular notícia abertura investigação apurar denúncia irregularidade contrato firmar petrobras unigel poder afetar cronograma balanço,0,0,
estatal garantir calendário divulgação mantido negar kpmg ter ser contratar auditoria recomendar diretor ser afastar certificação demonstração financeiro,0,0,
informação colunista lauro jardim globo processo desdobramento pedido investigação tcu apontar indício irregularidade prejuízo potencial mi petrobras,0,0,
caso respeito contrato industrialização encomenda tolling fertilizante firmar estatal dezembro unigel petrobras celebração contrato respeitar governança,0,0,
petrobras temporada balanço semana reserva csn csn mineração petroleum fleury arezzo cba petz zamp raia drogasil amanhã vibra pague hoje fechamento,0,0,
agenda indicador econômico notícia superávit primário bilhão conta governo central janeiro destaque resultado consolidar setor público sair,1,1,1.0
apesar desconfiança fiscal campos neto manifestar entrevista folha semana otimismo governo lula condição entregar déficit projeção mercado produto interno bruto,1,-1,-1.0
produto interno bruto dizer banco central estimativa ano crescimento afetar processo inflacionário reiterar seguir acompanhar inflação serviço efeito salário,0,0,
dizer projetar especial liquidação custódia terminal produto interno bruto estável surpresa mercado manter aposta copom derrubar juro março,0,1,
casa especular banco central poder remover comunicado política monetário uso plural empregar sinalizar continuidade ritmo corte lançar dúvida maio junho,0,-1,
durante palestra sp galípolo dizer forward guidance esporte altíssimo risco pagar querer deixar ar disposição sinalizar ver,0,0,
último semana integrante copom esconder receio impacto salário renda inflação serviço pôr dúvida chance especial liquidação custódia terminar ciclo relaxamento dígito,-1,0,-1.0
focus devido banco central ser divulgar amanhã projeção juro seguir entanto estimativa produto interno bruto repetir desempenho forte registrar,0,0,
salto recorde crescimento ano passado setor agropecuário sustentar supersafra bom preço mercado internacional perdurar ano contratar produto interno bruto doméstico brando,1,1,1.0
agenda ritmo atividade econômico ser conferer semana dado janeiro produção industrial dia sair balança comercial fevereiro transação corrente idp janeiro,0,0,
inflação semana comedir fevereiro hoje desacelerar janeiro mediana broadcast interfinanceiro fevereiro prévia,0,-1,
fluxo cambial fevereiro sair invés servidor banco central tesouro ggu entrar dia paralisação amanhã negociação reajuste salarial,0,0,
brasília ministro alexandre padilha informar haver reunião cmo discutir veto ldo,0,0,
outro atrito congresso prefeito ameaçar protesto revoltar decisão governo federal manter medida provisória reoneração folha pagamento pequeno município,0,0,
município insurgem equipe econômico fazenda chamar reunião semana relator pec criar refis prefeitura senador carlos portinho,0,0,
amanhã lula reunir senador confraternização palácio alvorada encontro repetir molde jantar realizar deputado federal pouco dia ter criar ciumeira,0,0,
aliados pacheco relatar incomodado estar ser preterir câmara episódio recente causar ruído escolha senador rogério carvalho relatoria índice preço consumidor braskem,0,-1,
pacheco haver avalizar renan calheiros vaga visão interlocutor planalto acabar privilegiar vontade presidente câmara arthur lira vetar nome renan adversário político,0,0,
banco central x pt entrevista dar folha campos neto defender costura acordo haddad aprovação pec ampliar autonomia instituição financeiro conversar último,0,0,
conforto haddad banco central flexibilidade gente discutir fazer revelia dizer rcn perfil x gleisi reagir pec submete brasil ditadura monetário,0,1,
precificado majoritariamente corte juro fed junho mercado acompanhar estados unidos payroll presença powell capitólio pesquisa emprego adp livro bege,0,0,
presidente fed filadélfia patrick harker vota ano rodízio discursa hoje,0,0,
noite biden discurso união abordar conflito geopolítico ucrânia gaza mercado monitora negociação israel hamas ramadã,0,0,
zona euro pressão leitura preliminar fevereiro índice preço consumidor anular esperança corte prematuro juro abril bce ficar confortável sinalizar desaperto junho,0,-1,
sair produto interno bloco europeu amanhã inflação produtor ppi pmi compor fevereiro ser informar alemanha reino unido estados unidos canadá peru decidir juro semana,0,0,
china hoje noite sair pmi compor fevereiro meder setor privado virada balança comercial bimestre inflação índice preço consumidor ppi noite repercutir semana,0,0,
consultoria oxford economics acreditar governo pequim reduzir semana baixa durante congresso anual meta anual crescimento econômico chinês cerca,0,0,
petróleo confirmar expectativa puxar força cotação petróleo abaixo bloomberg informar domingo decidir estender corte produção milhão bpd,0,-1,
rússia anunciar restringir oferta bpd período coordenação opep,0,0,
início discreto animação ny abaixo índice bovespa entrar março alta tímida produto interno bruto comportar instituto brasileiro geografia estatística ajudar aliviar juro bolsa índice subir,0,0,
pesar desempenho modesto vale refletir forte queda minério dalian petrobras conseguir absorver ganho petróleo,0,-1,
papel on ceder pn subir brent maio disparar barril ice wti abril subir semana ganhar respectivamente,0,0,
alta vier expectativa confirmar domingo estender corte voluntário produção trimestre,0,-1,
banco contraponto positivo bolsa bradesco on pn itaú subir banco brasil avançar santander unit ficar estável,0,0,
valorização sessão casas bahia repercussão anúncio companhia fechar instituição financeiro reperfilamento dívida bilhão,0,0,
embraer lojas renner oposto martinho liderar lista negativo,0,0,
cair informação mubadala capital abrir bolsa brasil semestre,0,0,
recuo yields treasuries produto interno bruto brasileiro estável reduzir prêmio dis,0,-1,
fechamento depósito interfinanceiro cair depósito interfinanceiro,0,-1,
câmbio favorecer comportamento juro estados unidos ganho petróleo expectativa anúncio estímulo atividade china congresso governo,1,1,1.0
dólar fechar baixa perda semanal semana,1,0,-1.0
techs bolsa ny receber impulso forte balanço dell renovar otimismo empresa tecnologia empresa lucro acima esperar causa aumento demanda ia,0,0,
ação disparar nvidia meta acompanhar ajudar nasdaq bater recorde dia consecutivo semana índice liderar alta ny subir,0,0,
aumento dramático mercado ação estados unidos último investidor começar acreditar etapa rali puxar techs dizer ma bmo wealth,0,0,
parecer acreditar ser pequeno fatia mercado beneficiar gasto ia dizer,0,0,
potencial boom produtividade proveniente tecnologia continuar alimentar ganho mercado ação próximo ano afirmar,0,1,
techs ajudar bater recorde ano avançar,0,0,
índice ganho semanal terminar alta último semana ver dj,0,0,
má notícia envolver new york community bancorp nybc incluír divulgação fraqueza material contabilidade troca ficar plano,0,0,
ação cair levar banco regional junto,0,0,
dow jones subir semana ceder,0,0,
queda juro treasuries outro fator ajudar bolsa dia volátil,0,-1,
relatório analista torsten slok apollo global management dizer fed cortar juro ano problema nycb pressionar rendimento,0,0,
slok escrever economia estados unidos suavizando chamado pivô fed dezembro criar vento favorável crescimento,0,1,
longo sessão indicador economia americano abaixo esperado sobretudo fala prestigiado cristopher waller balanço fed reduzir prêmio bonds americano,0,0,
medido ism pmi industrial estados unidos cair fevereiro ante janeiro previsão,1,0,-1.0
consumidor ficar otimista índice sentimento universidade michigan cair fevereiro janeiro analista esperar avanço,1,0,-1.0
investimento construção cair janeiro ante dezembro esperar alta,1,0,-1.0
ciclo dado fraco mercado voltar precificar majoritariamente corte juro fed chance cme queda flexibilização comedir junho,-1,-1,-1.0
waller diretor banco central americano defender desaceleração ritmo redução balanço dizer favorável parcela título tesouro curto prazo,0,-1,
lorie logan dallas discurso linha dizer ritmo gradual corte balanço implicar interrupção processo,0,0,
note ano yield chegar cair mínima semana fechar véspera juro note ano recuar ano cair,-1,-1,-1.0
bateria discurso dirigente fed tom barkin reiterar pressa cortar juro veremos ir reduzir economia dir dever afirmar,0,-1,
austan goolsbee chicago defender juro restritivo necessário dizer apesar inflação ceder último necessário dado pensar corte,0,0,
câmbio dólar perder espaço euro prévia índice preço consumidor região desacelerar fevereiro janeiro acima esperar moeda comum subir,1,1,1.0
robert holzmann bce voltar alertar corte prematuro juro ing lentidão desinflação levar bce manter juro março abril mesmo opinião bofa oxford capital economics,1,0,-1.0
libra avançar huw pill boe dizer corte juro demor preciso evitar falso sensação segurança avaliar inflação caminhar meta,1,0,-1.0
iene cair índice dxy recuar dia cair semana,1,0,-1.0
folha petrobras estar retardar pagamento m compensação ambiental exploração petróleo impacto,0,0,
dado fornecer icmbio via lei acesso informação lai mostrar haver empreendimento compensação pendente termo compromisso chegar assinar,0,0,
resposta petrobra dizer cumprir legislação obrigação,0,0,
unigel credores detentor debêntur empresa entrar pedido justiça contestar prazo estipular plano recuperação extrajudicial tratamento desigual credor,0,0,
acordo documento entregar justiça paulo debenturista pedir companhia apresente hora plano recuperação definitivo documento anexo broadcast,0,0,
vale previ enviar ofício cvm solicitar empresa torne público ato reunião extraordinário administração empate votação travar processo decisão liderança companhia,0,0,
gol arrendador avião empresa acionar concorrente latam companhia começar processo recuperação judicial estados unidos advogado aérea,0,0,
empresa objetivo latam interferir recuperação companhia chileno operar avião diferente usar empresa brasileiro,0,0,
gol abordagem arrendador tentativa latam violar proteção conferer recuperação judicial ativo gol,0,0,
operadora oi administrador judicial recomendar manter assembleia credor amanhã,0,0,
gafisa reiterar acionista desconsiderar age convocar março esh theta acionista companhia fundo gestora esh capital,0,0,
documento enviar cvm companhia dizer convocar age abril pedido esh ser data válido reunião,0,0,
preço indicar notificação venda ação mi atualizar variação acumular índice nacional preço consumidor amplo julho fevereiro totalizar montante,0,0,
americanas sa informar notificar acionista minoritário uni co exercer direito vender ação varejista m dono imaginarium puket,0,0,
companhia acrescentar avaliar termo proposta,0,0,
começar china congresso nacional estender domingo frustrar anunciar estímulo crise imobiliário abertura evento pequim manter meta produto interno bruto ano considerar ambicioso noite dado atividade setor serviço chinês vir véspera participação powell audiência congresso estados unidos agenda internacional fraco hoje reservar pmi serviço estados unidos europa dia esvaziar prever levantamento focus participação galípolo mercado fechar evento sp dia campos neto voltar transmitir percepção risco fiscal ter repetir alerta inflação serviço,0,0,
faltar semana índice nacional preço consumidor amplo fevereiro presidente banco central insistir acsp preço trajetória queda pressão serviço continuar rodar acima período,-1,0,-1.0
reforçar declaração haver dar semana viés positivo conta público avaliação ano déficit projetar economista,0,-1,
mercado ruim achar chance surpresa bom dizer,0,0,
investidor zerar déficit promessa fazer cumprir puder sonhar algum bom focus aposta percepção fiscal ancorado,0,1,
resultado mau conta público continuar depender crescimento econômico consistente surpresa positivo arrecadação federal enfrentamento governo revisão gasto,0,1,
folha jornalista adriana fernandes negociação reajuste salarial conduzir ministra esther dweck gestão merecer atenção panela pressão servidor estourar,0,0,
globo dweck afirmar haver espaço aumento salarial funcionalismo público ano haver excesso arrecadação cenário verificar governo maio informar ministra,0,0,
impacto cheio reajuste junho ocorrer ano consumir ministra dizer espaço orçamentário ser destinar reajuste,0,-1,
dweck prever aumento salarial porcentual linear,1,0,-1.0
campos neto ministra simone tebet expressar otimismo quadro fiscal,0,0,
avaliar contingenciamento orçamento cumprir meta fiscal ser apresentar março relatório bimestral receita despesa dia esperar,0,1,
bloqueio ser discussão ter teríar houver necessidade contingenciamento quase estar de esse,0,0,
tebet antecipar arrecadação fevereiro vir acima esperado janeiro,1,0,1.0
afirmar executivo provavelmente precisar urgência resposta tcu possibilidade bloquear necessário preservar meta fiscal,0,0,
consulta tcu planejamento estimar regra prever ldo limitar bloqueio bi cerca bi mercado estimar necessário governo cumprir meta,-1,1,1.0
front fiscal ministro alexandre padilha dizer haddad esclarecer deputado programa emergencial setor evento perse extinguir governo elevar arrecadação,0,-1,
acordo padilha haver data certo conversa hoje,0,0,
padilha dizer semana planalto pretender avançar discussão contribuição previdenciário município assunto causar desgaste último dia prefeito executivo,0,0,
hoje noite lula participar confraternização senador palácio alvorada,0,0,
agenda raia drogasil petroreconcavo soltar balanço trimestral fechamento mercado,0,0,
estados unidos regulação fed michael barr participar evento,0,0,
indicador estados unidos sair pmi global compor fevereiro pmi ism serviço piorar fevereiro janeiro encomenda indústria janeiro,0,0,
zona euro véspera bce sair inflação produtor ppi janeiro leitura fevereiro pmi global compor ser divulgar alemanha reino unido,0,0,
china hoje pmi serviço recuar janeiro fevereiro pesquisa realizar setor privado global resultado ficar abaixo expectativa analista mercado esperar,0,0,
pmi compor chinês englobar serviço indústria permanecer estável período apesar fôlego leitura acima indicar atividade china seguir território expansão,0,0,
círculo registrar acumulado fevereiro fuga capital externo ano pandemia coronavírus prestes estourar,-1,1,1.0
àquela época retirada acelerar imprevisibilidade vir frente demora fed cortar juro promover forte saída investidor estrangeiro bolsa,0,0,
profissional ouvir broadcast pontua dinheiro ir ser direcionar renda fixo seguir atrativo gringo aplicar diferencial interessante juro especial liquidação custódia,0,0,
investidor espera powell payroll possível estímulo china liquidez baixo oscilação estreita mercado doméstico,0,-1,
índice bovespa fechar baixa giro,0,0,
petrobra acompanhar queda petróleo ação on cair pn,0,0,
mercado óleo bruto disparar expectativa estender corte produção cair confirmação notícia,0,-1,
brent maio barril ice wti abril nymex,1,0,1.0
vale acompanhar leve queda minério ferro dalian,0,0,
bancos bradesco on pn itaú unibanco banco brasil santander unit,0,0,
pão açúcar liderar queda seguir petz alpargatas,0,0,
valorização irb influenciar elevação recomendação btg ação venda neutra,0,0,
embraer subir american airlines encomendar jato empresa,0,0,
câmbio dólar vista oscilar centavo grande mínima dia terminar leve baixo,1,1,1.0
declaração campos neto fiscal vir melhor esperar mercado colaborar viés baixa moeda,0,0,
taxa dis variar intervalo estreito fechar queda tímido contramão avanço treasuries dia agenda fraco liquidez reduzir,0,0,
fechamento depósito interfinanceiro cair depósito interfinanceiro cair fechar estável,1,-1,-1.0
espera powell rali índice ação ny dar pausa investidor modo espera dir jerome powell amanhã exposição congresso americano,0,0,
aposta economia forte inflação queda lento presidente fed redobrar mensagem haver pressa cortar juro fazer dirigente discurso diário,0,-1,
texto publicar site fed atlanta raphael bostic vota ano fomc escrever corte juro ocorrer trimestre seguir pausa reunião seguinte,0,0,
pausa necessário avaliar mudança política afetar empresa família dizer,0,0,
ausência driver positivo bolsa ny dar sinal fadiga,0,0,
quiser fechar semana consecutivo grande histórico investidor precisar ouvir palavra encorajadora powell payroll ameno dizer chris larkin morgan stanley,0,0,
índice fechar queda dow jones cair,0,0,
nasdaq perder apesar nvidia saltar ultrapassar saudi aramco empresa valioso mundo,0,0,
comecer surgir anális questionar ia estar contribuir formar bolha mercado ação casa veem alto frente,0,0,
bofa aumentar projeção aumento potencial nível atual goldman sachs avaliar alto valor magnífico linha fundamento,0,0,
ny nota rebaixar fitch moody new york community bancorp continuar espiral queda,0,0,
treasuries mercado exigir retorno grande maratona powell juro note ano subir note ano avançar ano,-1,-1,-1.0
índice dxy medir dólar ante cesta moeda forte ficar estável,0,0,
expectativa decisão bce euro subir banco central europeu manter juro estável esperar algum diretriz comunicado entrevista lagarde,0,0,
libra alta iene cair expectativa mudança postura boj rabobank prever elevação juro banco central japonês abril provável,-1,0,-1.0
banco holandês avaliar iene ganhar fôlego decisão março boj algum especulação mudança juro,0,1,
petrobras informar auditor confirmar irregularidade caso unigel procedir kpmg ter determinar afastamento diretor processo balanço mantido,0,0,
vibra energia registrar lucro líquido bilhão alta comparação anual ebitda ajustar somar crescimento período,0,0,
itaú aprovar distribuição jcp líquido ação pagamento ex,0,0,
banco nacional desenvolvimento econômico social reportar lucro líquido recorrente alta período ano anterior acumulado lucro somar ano,0,0,
gpa protocolar cvm pedido registro oferta público ação aprovar administração reunião movimentar bilhão ser direcionar investidor profissional,0,0,
operadora oi justiça manter hoje assembleia credor justiça determinar credor analisem pedir adiamento fazer anatel,0,0,
qualicorp blackrock passar deter ação on equivalente total papel on emitir companhia,0,0,
pague registrar lucro líquido ajustar m alta comparação anual ebitda ajustar somar m recuo período,0,0,
toyota alckmin antecipar montadora anunciar hoje investimento brasil,0,0,
mercado continuar esperar anúncio estímulo congresso china medo meta crescimento ano ser dura bater agenda doméstico produção industrial janeiro previsão queda animar aposta especial liquidação custódia dígito dinâmica pressão inflacionário continuar fator dominante noite durante evento sp galípolo sinalizar copom dúvida pressão inflação serviço salário estados unidos dia livro bege relatório adp emprego setor privado pesquisa jolts alto dia ser presença powell câmara apresentar relatório semestral política monetário,0,0,
documento publicar site fed início último levar crer absorvir mercado ninguém perder powell esperança digar algum novidade,0,0,
acordo relatório apresentar congresso americano fed considerar juro pico ciclo aperto apropriar cortar taxa confiança desinflação,0,-1,
recado combina aposta majoritário mercado início relaxamento ficar junho,0,-1,
documento haver perda significativo ritmo inflação preço permanecer acima objetivo central fed mercado trabalho americano continuar relativamente apertar,0,0,
taxa desemprego seguir nível historicamente baixo vaga elevada fed considerar produto interno bruto manter patamar forte apoiar aumento sólido gasto consumidor,-1,-1,-1.0
relatório apontar risco geopolítico guerra rússia ucrânia potencial expansão conflito israel hamas capaz ampliar pressão inflacionário renovar estresse financeiro,0,-1,
setor bancário permanecer sólido resiliente turbulência agudo ano,-1,0,-1.0
powell fugir script documento antecipar mercado manter precificação fed pressa derrubar juro esperar cantar vitória inflação,0,0,
galípolo durante palestra evento promover apce andré perfeito consultoria diretor banco central ressaltar receio inflação serviço dizer segurança exatamente pressão,-1,0,-1.0
link mercado trabalho pressão serviço dizer destacar banco central precisar desvendar mistério inflação serviço elevar fenômeno global,-1,-1,-1.0
especial liquidação custódia afirmar faltar informação tatear ser taxa terminal importante forward guidance copom prever corte indicador econômico,1,0,1.0
eventualmente vier acontecer algum mudança orientação política monetário significar necessariamente taxa terminal juro dizer declaração levantar especulação,0,1,
dia galípolo referir forward guidance qualificar último esporte altíssimo risco mercado achar copom tirar plural sinalização corte especial liquidação custódia,0,-1,
quadro fiscal dizer razoável supor déficit produto interno bruto preço,-1,-1,-1.0
recuo perse pressionar lobby setor evento congresso haddad sair reunião lira liderança câmara dizer equipe econômico aceitar voltar ideia acabar perse,-1,0,-1.0
ministro versão restrito programa socorro setor evento ser enviar congresso semana projeto lei urgência constitucional prazo dia apreciar,-1,0,-1.0
pl votar abril vigência medida provisória maio haddad afirmar medida provisória atualmente revogar perse reonerar prefeitura limitar compensação tributário ser mantir,-1,1,1.0
manutenção estratégico equipe econômico contabilizar aumento receita prever perse bi relatório bimestral avaliação orçamento enviar congresso dia,0,1,
relatório definizer ser necessário bloquear despesa cumprimento meta fiscal zerar déficit conta público receita computar ajudar reduzir contingenciamento,0,-1,
entendimento governo relator loa deputado luiz carlos motta pl afirmar parlamento aguardar dia apreciar veto lula emenda comissão,0,0,
manutenção veto data relatório bimestral contingenciamento conta limitar,-1,-1,-1.0
dia ministra simone tebet antecipar bloqueio esperar surpresa positivo arrecadação federal janeiro fevereiro divulgar,-1,1,1.0
campos neto banco central expressar percepção risco fiscal confiar governo condição entregar déficit primário projeção mercado produto interno bruto,0,-1,
encontro haddad lira agenda microeconômico pretender fazenda tratar superficialmente presidente câmara prometer destravar pls melhorar mercado capital,0,0,
semana negociação líder partidário avançar acordo distribuição comissão temático câmara ajuste mapa colegiado estar descartado,0,-1,
revés governo lula comissão constituição justiça ccj considerar principal colegiar casa ficar comando pl cmo presidir pp saúde tender ficar pt,-1,0,-1.0
tentativa melhorar ambiente congressista lula promover happy hour noite palácio alvorada pacheco senador semana receber deputado,-1,0,1.0
presidente prometer estreitar relação garantir ter contato parlamentar ano,0,0,
lula receber hoje governador mineiro adversário político romeu zema tratar dívida mg,0,0,
agenda produção industrial medir instituto brasileiro geografia estatística reverter alta dezembro cair fevereiro mediano pesquisa broadcast intervalo projeção contração expansão,-1,0,-1.0
câmbio monitorar transação corrente previsão déficit bi janeiro saldo negativo bilhão dezembro idp mediana indicar entrada líquido bi,-1,0,1.0
sair balança comercial apresentar superávit bilhão fevereiro dobro saldo positivo registrar ano passado ficar bilhão,1,1,1.0
campos neto diretor banco central ter reunião manhã membro febraban sp,0,0,
balanços csn csn mineração petroleum dexco slc agrícola taesa soltar resultado fechamento,0,0,
estados unidos dirigente fed mary daly neel kashkari falar powell,0,0,
agenda indicador relatório adp criação vaga emprego setor privado fevereiro acima janeiro eler expectativa mercado payroll,1,0,-1.0
sair estoque atacado previsão queda janeiro estoque petróleo doe crescimento milhão barri banco central canadá decidir juro,0,1,
peça ficção china vir choque estímulo analista desconfiado meta pequim produto interno bruto ano cerca poder valer estar superestimado,-1,0,-1.0
impressão target exagerado ajudar impor queda blue chip commodities ibov sofrer peso adicional downgrade btg vale suspense balanço petrobras,0,0,
recomendação vale rebaixar neutra papel on fechar queda petrobra on pn operar defensiva dividendo,0,-1,
petróleo ajudar expectativa demanda robusta china brent maio cair barril ice wti abril nymex,0,0,
juntando china ny baixa expressivo índice bovespa queda discreto fraco giro,0,0,
vibra desvalorização sessão divulgação balanço braskem pão açúcar baixo forte,0,0,
bancos ficar direção único santander unit itaú unibanco bradesco on bradesco pn banco brasil alta,0,0,
cogna cvc brf liderar ganho,0,0,
dia anterior taxa dis ignorar treasuries voltar acompanhar alívio taxa americano reagir indicador fraco estados unidos,-1,-1,-1.0
melhora percepção risco fiscal doméstico contribuir tirar prêmio curva,1,-1,-1.0
comentário positivo campos neto simone tebet véspera continuar impacto mercado precificação especial liquidação custódia terminal voltar ficar abaixo curva depósito interfinanceiro,1,-1,-1.0
outro fator positivo queda expectativa índice nacional preço consumidor amplo focus foco política monetário projeção ter seguir,1,0,1.0
estimativa especial liquidação custódia seguir previsão déficit primário produto interno bruto,-1,-1,-1.0
warren ver resultado ruim casa reduzir projeção produto interno bruto causa sucesso parcial medida aumento receita contingenciamento despesa prever ldo,1,0,1.0
fechamento depósito interfinanceiro cair depósito interfinanceiro cair,1,-1,-1.0
aversão global risco meta produto interno bruto china convencer pressionar dólar leve powell moeda vista subir,-1,-1,-1.0
xepa techs dia bom notícia big techs fato estar comprada ajudar liquidação dia setor derrubar bolsa ny dado fraco estados unidos tirar prêmio juro,0,-1,
dia fuga risco espera mensagem powell congresso payroll,-1,0,-1.0
conta dow jones market data magníficas perder bilhão capitalização mercado,0,0,
onda começar apple contabilizar queda venda iphones china primeiro semana ano counterpoint research,0,0,
problema mercado chinês tesla ver ação despencar divulgar venda veículo país cair fevereiro igual período,0,0,
meta andar volta apagão cerca global facebook instagram empresa creditar problema questão técnico,0,-1,
houve falho google youtube alphabet amazon microsoft completar rodada baixa nvidia escapar subiu,0,0,
recuo espalhar techs nasdaq liderar perda setor peso importante baixar dow jones recuar,0,0,
venda sinal pânico dizer michael sansoterra silvant capital management ajustir movimento normal mercado ser ano forte alta,0,-1,
investidores preferir segurança treasuries demanda baixar rendimento pressionar fraco indicador divulgar estados unidos,-1,-1,-1.0
encomenda indústria cair janeiro ante dezembro pior esperar,1,0,-1.0
pmis serviço vier misto acompanhado mercado medido ism recuar fevereiro janeiro previsão,1,0,-1.0
pmi global subir analista prever,0,0,
retorno note ano cediar note ano caíir ano recuar,-1,-1,-1.0
impulso indicador fraco dia dólar ficar misto ante par índice dxy ficar estabilidade,0,0,
euro ficar estável zona euro ppi cair janeiro ante dezembro esperar comparação anual ceder recuar dezembro,0,0,
libra subir iene avançar iene,0,0,
produção total petróleo prio atingir barris óleo equivalente dia boepd fevereiro queda janeiro dado preliminar,0,1,
petrorecôncavo registrar lucro líquido m alta comparação anual ebitda somar m queda período,0,0,
enauta registrar produção total boe fevereiro alto janeiro,0,0,
minerva realizar oferta certificado recebível agronegócio cras lastrear debêntur operação ser securitizar virgo emissão ocorrer série,0,0,
btg carf cancelar autuação fiscal quase bi referente ágio gerar processo formação btg,0,0,
azul informar negociar aprovar transação específico analisar aquisição gol,0,0,
posicionamento empresa ocorrer resposta questionamento cvm notícia divulgar imprensa azul ter contratar assessor financeiro comprar gol,0,0,
raia drogasil registrar lucro líquido m alta comparação anual ebitda ajustar somar m crescimento período,0,0,
yduqs aprovar emissão debêntur bilhão,0,1,
alupar registrar lucro líquido m queda comparação anual ebitda somar m alto período,0,0,
produto interno zona euro lagarde antecipar juro cair junho estados unidos aposta convergem junho mercado precificado leitura fraco payroll fevereiro criação vaga emprego salário surpresa agitar mercado puxar dólar respeitar resistência psicológico bolsa dia blue chip commodities administração vale reunir hoje pauta sucessão comando ser discutir ganhar desfecho protagonista petrobras teleconferência comentar balanço adr afundar after market contratar gap pesar queda abertura estatal frustrar expectativa pagar dividendo extraordinário,0,0,
anúncio resultado sair noite gerar polêmica decisão invés pagar dividendo extraordinário preferer colocar lucro remanescente exercício bi reserva,0,0,
utilizar investimento companhia ser destinar integralmente reserva remuneração capital finalidade assegurar recurso distribuição futuro acionista,0,0,
ser eventualmente frente montante virar dividendo imediatamente,0,0,
petrobra decidir pagar dividendo ordinário respeitar fórmula estabelecer equivalente fluxo caixa livre aprovar repasse remuneração acionista,0,0,
equivaler remuneração ação on pn pagamento ser fazer parcela igual maio junho proposta ser levar assembleia ordinária ago acionista abril,0,0,
acumulado ano petrobras comando prates estatal ter pagar provento acionista expressivo efetuado,0,0,
semana passado investidor começar desconfiar petrobra pagar dividendo extraordinário,0,-1,
start partir entrevista prate bloomberg vir história busca petrobras tornar potência energia renovável requer conservadorismo pagamento dividendo,0,0,
ruído vir desencadear tombo ação estatal último dia decepção estar absorvido investidor querer bater petrobra lucro decepcionar,0,-1,
resultado vir abaixo previsão analista broadcast geração caixa medir ebitda bi inferior esperado receita bi superar aposta,0,0,
lucro líquido petrobras bom história inferior empresa queda petróleo ajudar esvaziar resultado companhia,0,0,
balanço petrobra negar estudo aquisição participação vibra distribuidora horas globo haver publicar estatal mira vibra voltar mercado distribuição,0,0,
novelão vale expectativa encontro hoje ter sucesso fevereiro administração rachar votação sucessão comando terminar empatar,0,-1,
data voto recondução atual ceo eduardo bartolomeo voto abertura processo competitivo contratação headhunter formação lista tríplice sucessor,0,0,
possibilidade mesa destravar negociação recondução bartolomeo período tradicional ano mandato começar processo sucessório,0,0,
último semana nome ser cotar presidente suzano walter schalka cosan luiz henrique guimarães paulo caffarelli banco brasil murilo ferreira,0,0,
populismo fiscal declaração lula durante evento pac aumento gasto melhora arrecadação início ano evidentemente fala político deixar causar desconforto,-1,-1,-1.0
coincidindo queda popularidade presidente dizer discutir câmara senado limite gasto ir gente utilizar dinheiro benefício,-1,0,-1.0
comentário vir esteira piora avaliação lula pesquisa opinião atlas apontar aprovação presidente cair abaixo mandato janeiro março,-1,-1,-1.0
meta haddad zerar déficit ano seguir desafio bloqueio gasto março descartado relatório bimestral receita despesa de aqui exatamente semana,-1,1,1.0
pec autonomia financeira banco central relator senador plínio valério otimista tramitação proposta andar independente resistência enfrentar governo,1,-1,-1.0
pec apresentar dezembro defender abertamente campos neto entrevista recente folha,1,0,-1.0
agu ver inconstitucionalidade pec transformar banco central hoje autarquia orçamento vincular união empresa público total autonomia financeiro orçamentária supervisão congresso,0,0,
banco central ter pleno liberdade definir plano carreira salário funcionário contratação reajuste,0,0,
payroll dramático aceleração dizer capital economics emprego dezembro janeiro mercado esperar baixada bola geração vaga trabalho salário fevereiro estados unidos,-1,0,-1.0
consenso abertura posto trabalho marcar desaceleração janeiro taxa desemprego manter salário médio h avançar janeiro,-1,0,-1.0
ameno ser importante endossar percepção powell fed cortar juro esperar inflação bater meta ciclo desaperto,-1,0,-1.0
payroll desafio mercado deslocar inflação índice preço consumidor fevereiro,-1,-1,-1.0
agenda fed boy john williams discursa evento londres baker hughes informar poço petróleo operação noite sair inflação china fevereiro repercutir,0,0,
sair prévia março concessão crédito livre janeiro captação poupança fevereiro informar banco central fluxo estrada pedagiar fevereiro,0,-1,
biden noite discurso anual união presidente americano exaltar economia,0,0,
ano milhão emprego criar estados unidos inflação cair baixo mundo biden prometer reduzir déficit federal trilhão,0,-1,
dizer curvar putin conflito israel hamas confirmar missão abertura porto faixa gaza tentativa facilitar entrega ajuda humanitário palestino,0,0,
crônica morte anunciada suspeita levantar recentemente mercado banco central preparar espírito abolir comunicado copom sinalização futuro especial liquidação custódia confirmar,-1,-1,-1.0
evento goldman sachs diretor banco central diogo guillen dizer comitê política monetário avaliar reunião de aqui semana sentir continuar adotar forward guidance,0,0,
repetir comentário galípolo haver fazer último durante palestra sp guillen qualificar instrumento esporte altíssimo risco atleta avesso risco policymaker,0,0,
guillen orientação política monetário especial liquidação custódia terminal trazer ruído sinal,0,-1,
copom manter sinalização plural corte juro mudança comunicação contratado avaliação economista andré perfeito broadcast,0,1,
pressão inflação serviço apressar banco central desobrigar repetir dose queda especial liquidação custódia reunião maio acreditar economista projetar especial liquidação custódia terminal dígito acima focus,0,-1,
analistas citi estimar juro ciclo relaxamento monetário copom preferir bancar conservadorismo desafio processo levar inflação volta meta,0,-1,
guillen admitir preocupação expectativa inflação acima meta ano desancorado,0,0,
pitar cuidado inflação avanço ponta longo treasuries segurar ligeiro prêmio taxa dis despeito fator positivo dia,-1,-1,-1.0
queda dólar deflação interfinanceiro superávit recorde setor público consolidar janeiro fazer preço dia oscilação estreita liquidez afetar câmbio bolsa,-1,-1,-1.0
resultado primário positivo divulgar banco central ano ficar acima expectativa,1,-1,-1.0
fechamento depósito interfinanceiro subir depósito interfinanceiro,-1,-1,-1.0
acompanhando baixa moeda dólar vista fechar leve queda,1,-1,-1.0
fevereiro fluxo cambial brasil negativo bilhão banco central saída bilhão canal financeiro anular efeito positivo entrada bilhão ver comércio exterior,-1,-1,-1.0
ano março fluxo cambial positivo bilhão,1,1,1.0
descolado indiferente recorde ny abaixo índice bovespa fechar queda giro,0,0,
haver sessão índice manter força direção mercado passar dia devagar expectativa balanço dividendo petrobras fechamento,0,0,
papel on cair pn ceder dia petróleo oscilar fechamento brent maio ficar estável barril ice wti abril,0,0,
vale cair despeito alta minério ferro dalian,0,0,
banco santander unit subir itaú unibanco desvalorizar banco brasil recuar bradesco on ceder bradesco pn perder,0,0,
csn liderar ranking negativo apesar salto lucro líquido rs milhão avaliação setor mineração bom siderurgia,0,0,
dexco cair tim subir empresa divulgar meta remuneração acionista completaram ranking positivo yduqs topo localiza,0,0,
combinar mensagem coordenar powell lagarde timing corte juro estados unidos zona euro dar gás bolsa ny especial techs sensível política monetário,0,0,
nasdaq anotar recorde intraday grande fechamento dia giant techs impulso plano meta ia generativo impulsionar engajamento rede social,0,0,
longo discurso praticamente reprise dia anterior câmara mensagem powell destacar audiência senado estar termos confiança inflação cortar juro,-1,0,-1.0
powell observar corte começar ano acrescentar fed consciente risco reduzir juro,-1,0,-1.0
ter citar data declaração reforçar aposta corte junho,0,-1,
mercado esperar finalmente ouvir autoridade fed dizer adam turnquist lpl financial comentário powell aumentar confiança corte chegar,0,0,
horas christine lagarde faltar cravar junho provável descida juro,0,0,
teremos pouco dado abril junho embasar política monetário dizer entrevista comentar decisão bce reduzir projeção inflação,0,1,
estimativa ano cair banco central manter taxa refinanciamento reunião consecutivo taxa depósito permanecer,0,0,
powell ter fazer dia lagarde reafirmar corte juro zona euro vir inflação batar meta,0,-1,
fawad razaqzada city index afirmar indicação forte chefe principal bcs juro cair,0,0,
nasdaq liderar ganho alta grande intraday recorde subir pico histórico dow jones avançar,0,0,
bolsa fazer festa techs bcs pesar juro treasuries dado mostrar mercado trabalho desaceleração firme dia payroll,0,0,
pedido ficar estável ante previsão,0,0,
retorno note ano caíir note ano cediar juro ano subiar,0,-1,
câmbio índice dólar dxy queda expressivo dia seguir,0,-1,
lagarde descartar queda juro abril euro avançar libra subir,-1,0,-1.0
expectativa mudança política monetário juro negativo japão render dia forte alta iene,0,-1,
aposta fortalecer dirigente junko nakagawa dizer economia país progresso constante rumo meta inflação apoiar avanço sólido salário,0,0,
dizer boj decidir revisar controle curva retorno bônu país jgb compra ativo risco,0,0,
presidente banco central japonês kazuo ueda afirmar banco central manter compra jgb decidir eliminar controle curva juro,0,0,
petz registrar lucro líquido ajustar m queda comparação anual ebitda ajustar somar m recuo período,0,0,
arezzo lucro líquido recorrente m alta,0,0,
vulcabras lucro líquido recorrente m alta,0,0,
americanas encerrar semana fevereiro março admissão referir contratação temporário páscoa,0,0,
intervalo registrar pedido saída término contrato experiência demissão,0,0,
enauta registrar lucro líquido m queda ver intervalo ebitda mi recuo receita líquido cair comparação anual mi,0,0,
fleury registrar lucro líquido m alta comparação anual ebitda somar m crescimento período,0,0,
companhia aprovar distribuição m dividendo equivalente ação pagamento ex,0,0,
emae lucro líquido m alta,0,0,
cba ampliar prejuízo líquido,0,0,
klabin agoe aprovar aumento capital bilhão mediante bonificação ação,0,0,
gafisa edmar prado lopes neto renunciar cargo diretor financeiro ri elegeu carmelo aldo depósito interfinanceiro leta posto diretor operacional diretor ri interino,0,0,
edital convocação estabelecer abril data assembleia credor empresa,0,0,
serena energia tarpon estudar realizar oferta secundário milhão ação on equivalente capital empresa empresa esclarecer realização oferta depender condição mercado,0,0,
companhia informar intenção aproveitar operação realizar oferta primária,0,0,
negócio estar fechado sair notícia repercutir ceo vale eduardo bartolomeo mandato estender maio dezembro ser abrir processo sucessão china índice preço consumidor registrar alta anualizar fevereiro vir pressionado consenso ppi deflação esperar dinâmica inflacionário destaque agenda indicador semana estados unidos índice nacional preço consumidor amplo índice preço consumidor fevereiro amanhã investidor fechado corte juro fed junho copom desperta debate antecipar forward guidance pressão político lado especial liquidação custódia dígito gasto público mudança meta fiscal falar interferência vale polêmica mantega petrobras hoje lula encontrar prates ajudar compor ambiente,0,0,
popularidade lula baixa pesquisa mercado assustar risco populismo fiscal contratar pressão conta público ganho arrecadação início ano mudar jogo,-1,-1,-1.0
indicar desacreditar mercado início promessa haddad déficit empurrar relatório bimestral julho estratégia criar clima juro abaixo,-1,-1,-1.0
reportagem folha domingo foco governo interlocutor sinal fiscal forte especial liquidação custódia voltar dígito recuperar imagem lula,-1,0,-1.0
equipe econômico considerar ideal corte adicional juro março maio junho tentativa garantir ambiente propício copom continuar derrubar taxa esbarra inflação,-1,0,-1.0
amanhã índice nacional preço consumidor amplo fevereiro acelerar janeiro mediana pesquisa broadcast dado vir pressionar reajuste mensalidade escolar aumento icms gasolina,-1,-1,-1.0
indicador pegar mercado alerta banco central preço serviço trazer insegurança estar trás intenção levantar galípolo guillen abandonar forward guidance,-1,0,-1.0
mercado perguntar copom eliminar comunicado reunião semana plural sinalização futuro queda especial liquidação custódia preferir comprometer indicação dovish,0,0,
mudança linguagem preparario espírito investidor corte pequeno especial liquidação custódia semestre poder abalar convicção especial liquidação custódia terminal abaixo dígito levantamento focus,1,0,-1.0
mão visível esperar frustração ausência dividendo extraordinário afundar ação petrobras levar índice bovespa junto ler abaixo,0,0,
estratégia agradar mercado gostar reforçar suspeita intervenção governo estatal reuters informar lula envolver diretamente decisão dividendo,0,0,
agência governo empenhar mudar regra reserva estatutário companhia utilizar recurso reter dividendo extraordinário realizar investimento,0,0,
rumor mudança regra jogo esvaziar alívio comentário prate dividendo extraordinário retir ser utilizar investimento pagar dívida,0,1,
prate negar pressão governo dividendo pagar dívida investir falso notícia andar susto desaparecer reserva divider hora volta,0,-1,
diretor financeiro ri estatal sergio caetano leite declarar petrobra apurar possibilidade pagamento dividendo extraordinário exercício trimestralmente,0,0,
estrago percepção investidor feito abrir crise credibilidade choque decisão dividendo papel petrobras sofrer onda rebaixamento banco abaixo,-1,0,-1.0
bofa decisão estatal pagar dividendo extraordinário eleva percepção risco empresa particularmente influência governo principal decisão alocação capital,-1,0,-1.0
apuração sábado equipe econômico ter defender pagamento dividendo,0,0,
união principal acionista empresa beneficiário de esse montante ajudar equilíbrio conta público,1,0,1.0
informação indicar direção companhia ter sugerir pagamento dividendo,0,0,
administração governo rejeitar proposta distribuição dividendo extraordinário temor petroleira ficar dinheiro suficiente caixa,0,-1,
ficaria impossibilitar executar plano estratégico foco transição energético,0,0,
vale estadão sábado fonte temer listar tríplice possível sucessor ceo ser jogo carta marcar governo lula representar previ pressionar troca comando,0,-1,
agenda índice nacional preço consumidor amplo volume serviço janeiro instituto brasileiro geografia estatística divulgar foco potencial efeito aposta juro ritmo atividade ser medir venda varejo,0,0,
hoje sair prévia março dia dado janeiro caged,0,0,
campos neto guillen paulo picchetti compromisso bis hoje basileia suíça,0,0,
sábado entrevista cnn gleisi hoffmann partir novamente ataque rcn dever terminar mandato tranquilo ficar articular congresso pec autonomia banco central,0,0,
balanços temporada continuar hoje natura direcional localiza fechamento mercado embraer amanhã cvc energisa eletrobras casas bahia prio ecorodovias soma hypera,0,0,
varejista renner marisa yduqs cyrela enauta eneva eztec jhsf tenda vittia,0,0,
horário verão hoje horário negociação pregão regular ser reduzir hora fechamento causa volta horário verão estados unidos after market,0,0,
bolsa ny passar operar brasília petróleo ser negociar,0,0,
vetos planalto adiar semana passado amanhã reunião parlamentar comissão mista orçamento tratar impasse torno veto fazer presidente lula ldo,1,0,-1.0
assunto vinhr gerar pressão parlamentar distensionar governo ceder cumprir calendário pagamento emenda previsto projeto decisão veto sair dia,1,-1,-1.0
existe entendimento ser alterar publicação relatório bimestral receita despesa,0,-1,
payroll abaixo reforçar junho início corte juro estados unidos sinalizar ciclo total relaxamento monetário foco atenção voltar inflação índice preço consumidor amanhã,-1,0,-1.0
ppi venda varejo sair produção industrial fevereiro índice atividade industrial empire state março expectativa inflação ano medir univ michigan,-1,0,1.0
mercado projetar corte juro bce junho sair leitura fevereiro inflação consumidor índice preço consumidor alemanha amanhã produção industrial janeiro zona euro,0,0,
opep publicar relatório mensal petróleo aguardar expectativa investidor cartel aliado ter decer estender corte produção commodity,0,0,
japão hoje produto interno anualizar revisar alta recuo leitura preliminar evitar economia japonês entrar recessão técnico aumentar chance normalização juro,0,0,
banho sangue rumor haver pressão direto presidente lula petrobras segurar pagamento dividendo extraordinário piorar prometir imposto renda bolsa doméstico,0,-1,
forte queda abertura petrobra pn afundar on derreter empresa perder bi mercado,0,0,
índice bovespa peso estatal chegar chegar flertar mínima dia fechar queda semana ceder,0,0,
brasil quantidade significativo oportunidade frente referência capital construir petrobras vale risco político imprevisível dizer bloomberg malcolm dorson global x,0,0,
volume financeiro bolsa ficar acima média cerca ação petroleira responsável total giro,0,0,
bank of america santander bradesco bbi rebaixar ação companhia compra neutra,0,0,
banco brasil sofrer efeito colateral percepção interferência estatal petrobras único banco recuar,0,0,
santander unit subir itaú unibanco valorizar bradesco pn subir on ganhar,0,0,
petrolífera juniores beneficiar derrocada petrobras petroleum petroreconcavo prio,0,0,
vale recuar linha queda minério ferro dalian,-1,0,-1.0
fuga investidor estrangeiro bolsa efeito petrobras pressionar câmbio,-1,-1,-1.0
queda preço petróleo minério ferro contribuir enfraquecer moeda país produtor commodities real brasileiro,-1,-1,-1.0
pesar fiscal dólar vista fechar alta aproximar grande dia semana moeda subir,-1,-1,-1.0
mesmo fator pesar dis juro subir,-1,-1,-1.0
queimando prêmios payroll trouxer mensagem gosto mercado preferir copo cheio relatório bastar levar bolsa ny alta,0,0,
realização lucro setor tecnologia forte alta recente levar índice,0,0,
broadcom nvidia intel companhia beneficiar entusiasmo mercado ia puxar índice,0,0,
ação nvidia mau desempenho maio ganhar semana analista significar rali situação sobrecompra atrair realização lucro,0,0,
ter fazer máxima intradayr manhã nasdaq terminar vermelho semana perder respectivamente,0,0,
dow jones cair semana queda mau outubro passado,0,0,
entrevista bloomberg prestigiada cathie wood ark afirmar ação fabricante chip sujeita liquidação correção movimento alta longo prazo dizer,0,1,
correção techs bolsa ler positivo payroll fevereiro chegar subir,1,-1,-1.0
estados unidos criar emprego acima esperado dado dezembro janeiro revisar total emprego,1,0,-1.0
taxa desemprego subir ano janeiro expectativa ficar patamar anterior,-1,-1,-1.0
acima emprego crescer pressão salário salário médio h subir janeiro abaixo esperar comparação anual haver ganhar inferior previsão,-1,0,-1.0
mercado trabalho forte superaquecer reavivar esperança fed consiga alcançar pouso suave levar corte juro ano,-1,-1,-1.0
fed boys seguir discurso conservador john williams ny dizer mercado trabalho segar apertar auge expectativa inflação ter recuo modesto,-1,0,-1.0
resultado misto payroll resultar treasuries direção único retorno note ano cair,0,1,
dado razão fed pressa cortar juro yield note ano subir ano avançar,1,-1,-1.0
índice dxy baixa semana recuar dólar continuar apanhar iene subir rumor aperto monetário boj,0,0,
reuters dirigente banco central japonês considerar possibilidade acabar juro negativo expectativa negociação salário anual ger resultado forte,0,0,
libra subir euro cair efeito estagnação produto interno bruto zona euro ante força argumento bce precisar cortar juro,0,-1,
dirigente bce falar timing corte villeroy galhau dizer recuo vir provavelmente primavera abril junho gediminas simkus junho provável,0,0,
olli rehn afirmar risco cortar juro diminuir significativamente robert holzmann dizer corte ser preparar,0,-1,
vale aprovar convocação assembleias gerais ordinária extraordinária,0,-1,
petrobras confirmar visita comitiva venezuela semana passado avaliação possível oportunidade negócio nenhum acordo assinar durante missão broadcast,0,0,
prio reportar lucro líquido milhão alta comparação anual ebitda somar milhão avanço período,0,0,
companhia publicar certificação reserva elaborar degolyer macnaughton incluir reserva campo polvo tbmt frade wahoo campo albacora leste,0,0,
petrorecôncavo reiterar resposta questionamento cvm receber proposta formal combinação negócio petroleum haver acordo,0,0,
gol audiência processo recuperação judicial ny adiar hoje aérea anunciar realizar processo competitivo avaliar alternativa capitalização transação alternativa disponível,0,0,
embraer brandes investment partners reduzir participação companhia ação representar total,0,0,
sabesp governo sp reduzir participação companhia privatização lauro jardim globo,0,0,
iguatemi concluir aquisição participação adicional i fashion outlet hamburgo elevar participação propriedade negócio ter ser anunciar aprovação cade ocorrer,0,0,
aquisição,0,0,
vibra energia dynamo passar deter milhão ação on companhia instrumento derivativo correspondente milhão papel representar capital empresa,0,0,
gafisa esh capital investimentos passar deter total ação on correspondente capital social empresa,0,0,
esh informar gafisa aquisição objetivo alterar estrutura administrativo companhia,0,0,
juiz vara empresarial comarca capital rio janeiro determinar convocação assembleia credores convocação convocação,0,0,
americanas esperar faturar cerca páscoa comparação venda ano passado,0,0,
empresa revelar faturamento esperar projetar vender milhão ovo páscoa total milhão item relacionar data caixa bombom barro chocolate,0,0,
indicador econômico reunião fed semana índice preço consumidor fevereiro sair exibir aceleração modesto esperar endossar percepção deixar payroll corte juro junho índice nacional preço consumidor amplo fevereiro mexer expectativa comunicado copom superquarta dia negócio doméstico continuar ser influenciar polêmica petrobras reunião lula presidente companhia jean paul prates ministro alexandre silveira rui costa haddad terminar otimista esperar liberação dividendo extraordinário reter,0,0,
after hours ny adr petrobra operar euforia noite entrevista silveira haddad admitir recurso poder distribuír totalidade algum,0,0,
coletiva informação fazenda assento petrobras ajudar haddad ver interlocutor confiança mercado financeiro governo pt,0,0,
sinal claro interferência planalto gestão empresa permitir ação recuper perda acumular último petrobra cair balanço decisão dividendo,-1,0,-1.0
presidente lula abrir mão recuperar política superinvestimento petrobras confirmar entrevista sbt manter fator incerteza investidor temer ocorrer governo dilma,-1,0,-1.0
haddad silveira dizer dividendo extraordinário ficar caixa petrobra guardado conta remunerar ter distribuição prejudique plano investimento empresa,-1,0,-1.0
lei veda uso de esse recurso investimento governo achar buscar brecha pequeno caixa robusto solidez indicador empresa facilitar financiamento investir,0,1,
entrevista silveira haddad admitir tesouro reclamar receber dividenr extraordinário bi decisão reter recurso prejudicar meta fiscal,0,0,
fazenda contar dividendo ordinário afirmar ministro fazenda,0,0,
outro alexandre silveira descartar demissão prates afirmar passar especulação,0,0,
presidente petrobra declaração embarcar volta rio confirmar ficar falar dividendo falar dividendo ministro minas energia dizer prates,0,0,
prova ingerência político companhia fala lula sbt afirmar conversa sério direção petrobras ir baixar preço combustível gás cozinha,-1,0,-1.0
tom presidente enfrentar baixa popularidade aparecer declaração voltar criticar campos neto causa taxa juro haver teimosia cidadão manter juro patamar,-1,-1,-1.0
presidente ignorar fato diretor indicar banco central votar sintonia colegiado,0,0,
índice nacional preço consumidor amplo reajuste mensalidade escolar aumento icms gasolina pressionar inflação oficial fevereiro mediana broadcast janeiro intervalo projeção,-1,-1,-1.0
acumulado aposta indicar desaceleração abaixo teto meta,1,0,-1.0
banco central chamar particular atenção pressão serviço acelerar contrapartida preço serviço subjacente indicar tendência perder fôlego,-1,0,-1.0
índice nacional preço consumidor amplo potencial influência expectativa comunicado copom banco central ver adequada redução taxa especial liquidação custódia próximo reunião plural março maio,-1,0,-1.0
galípolo guillen andar levantar lebre último semana abandono ferramenta forward guidance reduzir grau liberdade atuação banco central esporte alto risco,0,0,
citar dinâmica inflação serviço itaú elevar projeção especial liquidação custódia,-1,0,1.0
investida populisto recuperar popularidade pesquisa lula dizer encomendar ministro agricultura carlos fávaro conab conjunto medida reduzir preço alimento,0,-1,
meta fiscal técnicos governo ouvir exame afirmar equipe econômico estimar déficit fiscal equivalente produto interno bruto invés relatório bimestral receita despesa sair dia,-1,1,1.0
previsão contrariar consenso mercado mudança meta ficar maio,-1,0,-1.0
perse governistas trabalhar projeto lei tratar programa emergencial setor evento ser autoria congresso executivo acordo fonte ouvir broadcast,-1,0,-1.0
decisão ser costurar líder base palácio planalto câmara saída governo ganhar encontrar compensar perda arrecadatório medida,-1,0,-1.0
reportagem projeto ser enviar congresso assinatura governo ter prever medida compensatório início fazenda definir previsão próximo dia,0,0,
agenda focus ficar hoje banco central energisa soltar balanço fechamento sair índice preço consumidor fevereiro alemanha relatório opep bailey boe discursa,0,0,
índice preço consumidor estados unidos índice preço consumidor avançar fevereiro comparação anterior acelerar leve janeiro desencadear movimento fuga risco ny,0,0,
comparação anual haver expectativa avanço repetir resultado anterior,0,0,
núcleo índice preço consumidor excluir item volátel alimento energia registrar ganho mensal avanço janeiro comparação anual alta núcleo inferior janeiro,0,0,
japão hoje enviar sinal hawkish presidente boj kazuo ueda dizer estatística mostr sinal fraqueza economia japonês continuar recuperar gradualmente,0,0,
comentário especulação traders elevação juro boj reunião política monetário semana colocar longo período política ultraflexível,0,-1,
ministro finanças shunichi suzuki afirmar economia superar completamente deflação haver desenvolvimento positivo crescimento salarial aumento gasto capital,0,0,
argentina banco central cortar juro ano anunciar eliminar taxa pequeno prazo fixo,0,-1,
chorar sabotadas lula ação petrobras embarcar devolver reta pregão tentativa reação observar tombo último,-1,0,-1.0
papel on afundar pn perder dar culpar petróleo fechar estável brent maio subir barril ice wti abril recuar,-1,0,-1.0
ibov descer degrau fechar giro bi,-1,-1,1.0
índice testar nível positivo durante especulação decisão dividendo extraordinário poder reverter vir virado negativo bomba entrevista lula,-1,-1,-1.0
vale ajudar derrubar índice sentir queda quase minério ferro cingapura dalian notícia estoque par crescer china,-1,0,-1.0
extensão mandato ceo vale eduardo bartolomeo dezembro deixar plano,0,0,
metálica usiminas csn mineração ficar vermelho topo lista negativo ficar irb tim cair,0,0,
banco polêmica renovar ingerência político petrobras banco brasil novamente único fechar vermelho santander unit ficar estável itaú subir,0,1,
bradesco pn registrar valorização on,0,0,
positivo petroleum beneficiar troca intrasetorial alta pregão petroreconcavo subir prio avançar,0,-1,
câmbio mau dia manhã dólar chegar testar refletir tombo preço minério ferro afetar moeda produtor commodities brasil,-1,-1,-1.0
relato entrada recurso desmonte pontual posição defensivo dar algum fôlego real reta negócio dólar zerar queda fala lula,-1,-1,-1.0
contramão rendimento treasuries certo ajuda câmbio juro futuro fechar queda,1,0,1.0
retorno depósito interfinanceiro cair depósito interfinanceiro,1,-1,-1.0
preocupação cenário fiscal segurar recuo percepção governo aumento arrecadação elevar gasto,0,1,
expectativa ser ajustar positivo itaú btg pactual aumentar projeção produto interno bruto citar resiliência mercado trabalho,0,0,
produto interno bruto itaú reduzir projeção déficit primário ano produto interno bruto sair déficit,0,1,
btg revisar índice nacional preço consumidor amplo manter previsão,0,0,
pé freio setor responsável tecnologia rali recente bolsa ny continuar modo cautela repique inflação americano janeiro pontual,0,1,
índice preço consumidor surpreender temer reprise investidor preferir manter pé,0,0,
big techs comandar baixa meta platforms cair seguer amd nvidia amazon broadcom microsoft,0,0,
contramão gigante software oracle subir pregão regular disparar after market apresentar balanço lucro acima esperar,0,0,
setor boeing cair notícia empresa alvo investigação criminal estados unidos causa incidente avião max janeiro ano ação empresa cair,0,0,
nasdaq mau desempenho dia cair dow jones leve alto,0,0,
treasuries toada mesmo prudência índice preço consumidor curto subir mercado posicionar dado,-1,0,1.0
retorno note ano avançar note subir ano crescer,-1,-1,-1.0
câmbio dólar ganhar terreno ante par dxy iene resistir estável monitorar rumor boj acabar juro negativo,-1,-1,-1.0
aposta aperto aumentar revisão produto interno bruto japão margem evitar recessão técnico,0,1,
euro quase oscilar libra esterlino recuar,0,0,
josé luciano penido apresentar renúncia cargo membro administração vale,0,0,
localiza registrar lucro líquido ajustar m alta comparação anual ebitda ajustar somar avanço ante período,0,0,
empresa homologar aumento capital m mediante emissão ação on preço,0,0,
ccr tráfego veículo rodovia subir fevereiro comparação anual,0,1,
gafisa aprovar aumento capital mediante emissão milhão ação on,0,0,
cury registrar lucro líquido atribuir controlador m alto comparação anual ebitda somar m crescimento período,0,0,
direcional registrar lucro líquido m alta comparação anual ebitda ajustar somar m crescimento período,0,0,
registrar lucro líquido m alta comparação anual ebitda somar milhão crescimento período,0,0,
tegma registrar lucro líquido m queda comparação anual ebitda somar m recuo período,0,0,
unipar informar resposta cvm interação eventual parceiro adquirir ativo estados unidos evoluír significativo considerar estágio avaliação viabilidade potencial transação,0,1,
privatizações tarcísio dizer fatia sp manter sabesp definido afirmar edital privatização emae ser aprovar próximo dia leilão acontecer abril,0,0,
vieram forte domingo produção industrial venda varejo china bimestre mudar aposta pequim manter juro amanhã noite bateria decisão política monetário semana bcs global decidir juro particular atenção de eles fed consolidar junho partida corte encurtar ciclo queda inflação resistente suspense gráfico precificar redução juro trazer pressão global dólar encostar japão boj acabar juro negativo decisão sair hoje normalização taxa passar abril copom super forward guidance corte próximo reunião plural ser testar semana movimentado negócio reservar relatório bimestral avaliação orçamento enviar congresso,0,0,
documento definizer ser necessário bloquear despesa cumprimento meta fiscal zerar déficit conta público receita computar ajudar reduzir contingenciamento,0,-1,
decisão estratégico medida provisória atualmente revogar perse reonerar prefeitura ser mantir equipe econômico contabilizar aumento receita prever apesar tema ser enviar pl,0,1,
entendimento governo congresso analisar relatório bimestral veto lula bi emenda comissão esforço equipe econômico limitar contingenciamento,-1,1,1.0
último semana simone tebet antecipar bloqueio esperar surpresa positivo arrecadação federal janeiro fevereiro divulgar,0,0,
dizer tebet executivo provavelmente precisar resposta tcu possibilidade bloquear necessário preservar meta fiscal,0,0,
consulta tribunal planejamento estimar regra prever ldo limitar bloqueio bi cerca bi mercado estimar necessário cumprimento meta,-1,1,1.0
folha sábado técnico calcular governo lula precisar bloquear volume orçamento cumprir limite despesa arcabouço fiscal,-1,-1,-1.0
mercado consenso meta fiscal ser mudar alteração ficar relatório bimestral maio governo ter clareza situação conta,-1,0,-1.0
seja recentemente fonte consultar exame descartar equipe econômico aponte déficit fiscal produto interno inferior rombo projetar mercado focus,-1,-1,-1.0
ficar ansiedade ar haddad continuar bancar promessa sobrevida déficit melhora percepção fiscal início ano fazenda dar algum choque imediato realidade,-1,0,1.0
mercado continuar colocar dúvida capacidade governo arrecadar necessário atingir meta déficit ano tesouro turbinar projeção receita relatório divulgar,-1,0,-1.0
atualizar potencial pacote receita adicional ano,1,1,1.0
órgão ressalva haver previsão revisar potencial arrecadação ajuste instrumento juro capital jcp dado ter sofrer reavaliação,0,0,
imposto renda secretário extraordinário reforma tributário bernardo appy dizer nenhum projeto ser enviar governo congresso hoje vencer prazo dia enviar proposta texto,0,0,
semana passado informar devido fato ano eleitoral fazenda adiar envio plano reforma tributário renda tratar item cobrança imposto renda dividendo,0,-1,
copom apesar inflação serviço índice nacional preço consumidor amplo fev assustar série dado forte último dia serviço venr varejo geração emprego caged levantar especulação trajetória especial liquidação custódia,0,0,
economista duvidar banco central encerrer ciclo corte atingir retirada forward guidance deixa copom cortar maio parar cortar junho julho,-1,0,-1.0
galípolo guillen andar telegrafar compromisso corte especial liquidação custódia quebrar algum avaliação banco,-1,0,1.0
itaú provável banco central preferir conservar prescrição evitar aumento excessivo volatilidade negócio goldman sachs projetar manutenção alteração importante linguagem,0,0,
diretor pesquisa macroeconômico al goldman sachs alberto ramos trecho comunicado informar ser último copom oferecer sinalização reunião,0,0,
alternativa executivo banco central adicionar condicionante texto dizer comitê esperar redução mesmo magnitude especial liquidação custódia despistar próximo passo,0,0,
existe possibilidade ramos copom preservar guidance reforçar natureza condicional sinalização esclarecer válido caso cenário básico banco central materializar,0,0,
coincidindo surpresa inflação pressionar fôlego atividade copom primeiro sinal pretender ganhar liberdade comprometer próximo passo política monetário,0,0,
copom investidor conferir hoje ritmo produto interno bruto banco central desempenho venda varejo ampliar volume serviço sustentar crescimento janeiro,0,0,
mercado prever avanço dezembro projeção broadcast queda alta base anualizar dado avançar mediana dezembro,0,-1,
inflação sair hoje cair março cair fevereiro perda ímpeto deflação preço agropecuário produtor,0,-1,
agenda doméstico sair prévia hoje amanhã,0,0,
balanços temporada resultado trimestral prosseguir hoje embraer abertura negócio magazine luiza braskem itaúsa ir sbf centauro fechamento mercado,0,0,
jsl apresentar dado financeiro amanhã ter demonstração equatorial cogna locaweb vivara sabesp cemig cpfl gafisa fechando semana sair qualicorp,0,0,
lula convocar hoje reunião ministerial ano encontro reunir ministro planalto ocorrer queda aprovação governo federal pesquisa opinião crise petrobras,0,0,
participar encontro haddad desistir viagem fazer alemanha tratar transição ecológico,0,0,
captações governo pedir senado ampliação bilhão bilhão bilhão teto estabelecer emissão título público exterior informar estadão,-1,0,1.0
bcs boe inglês decisão política monetário semana optar manter juro reunião seguir coragem cortar inflação,0,0,
dia decisão reino unido divulgar dado índice preço consumidor ppi fevereiro hoje dia inflação consumidor zona euro sair pmi compor lagarde bce discursa amanhã,0,0,
powell participar evento day after fed agenda indicador estados unidos fraco semana prever leitura preliminar março pmi compor índice nahb construtora hoje,0,0,
semana bcs austrália hoje turquia méxico rússia colômbia decidir juro japão feriado dia equinócio deixar mercado financeiro fechar,0,0,
japão organização sindical rengo confirmar negociação salarial desencadear aumento salarial médio ganho ano reforçar aposta alta juro hoje,0,0,
haver ano taxa negativo boj resolver promover pivô hawkish ser ano decidir apertar política monetário marcar virado histórico estratégia,0,0,
china hoje produção industrial subir bimestre igual período ano passado resultado vir acima esperar analista consultar wall street journal avanço,0,0,
venda varejo avançar comparação anual janeiro fevereiro superar projeção,0,0,
rússia vitória putin mandato domingo levantar contestação estados unidos ucrânia,0,-1,
eleição suspense pano fundo duro repressão oposição político liberdade expressão rússia soviético candidato simbólico autorizar concorrer,0,0,
comunicado casa branca dizer processo obviamente livre justo presidente ucrânia volodymyr zelensky criticar legitimidade eleição russo farsa ilegítimo acusar,0,0,
cenário singular aversão risco exterior dar surpreendentemente forte atividade doméstico pesar juro dólar índice bovespa,0,-1,
dia anterior estados unidos divulgar ppi acima esperar investidor estar ajustar posição cenário corte juro estados unidos,0,-1,
possibilidade copom encerrar ciclo corte especial liquidação custódia dígito causa economia aquecir impacto inflação,0,0,
varejo brasileiro surpreender serviço ficar acima esperar janeiro ante dezembro dado dezembro ajustar alta,0,1,
dado caged fevereiro ficar mostrar vaga criar dobro mediana estimativa,0,0,
colocar viés alta projeção produto interno dar força debate mudança forward guidance copom substituição plural singular próximo reunião,0,1,
sergio vale mb associados dado preocupação condução política monetário especialmente inflação serviço devidamente domar,0,0,
caso atividade continuar surpreender visão ver especial liquidação custódia abaixo consenso mercado mudar,0,-1,
juro subir depósito interfinanceiro avançar subir,-1,-1,-1.0
precificação especial liquidação custódia terminal dis véspera indicar aposta subir,-1,-1,-1.0
dólar acompanhar clima ruim testar teto grande dia pressão diminuir expectativa copom conservador favorecer carry trade,-1,1,1.0
mau humor externo contaminar índice bovespa fechar queda problema vale pressionar novamente índice,-1,-1,-1.0
recuo ação vir causa minério ferro cotar abaixo t agosto dalian perda forte,-1,-1,-1.0
declaração empresa josé luciano duarte penido haver interferência político processo sucessão eduardo bartolomeo continuar pesar,-1,0,-1.0
giro ibov inflar vencimento opção ação,0,0,
direção único petrobra on cair pn subir ice petróleo brent maio ficar estável barril wti abril recuar nymex,0,0,
semana brent subir wti alta,-1,0,-1.0
ação ligar consumo penalizar alta juro futuro cogna yduqs liderar perda último repercussão resultado,0,0,
casas bahia cair lojas renner baixar,0,-1,
bancos ficar misto banco brasil ganhar santander unit subir bradesco pn cair bradesco on ceder itaú unibanco recuar,0,0,
grande alta pregão azul petroreconcavo hypera,0,0,
espera fed percepção fed indicar ritmo corte juro semana continuar pressionar bolsa ny abastecer rodada alta juro treasuries,0,-1,
resistência inflação fevereiro surpreender mercado aposta início flexibilização sigo majoritária junho cair chance julho subir cme,0,0,
dado misto atividade dia ajudar formar aposta firme estados unidos informar produção industrial vir acima esperar estabilidade fevereiro,-1,-1,-1.0
dado janeiro revisar,0,-1,
leitura preliminar índice sentimento consumidor estados unidos cair fevereiro março expectativa avanço,0,-1,
expectativa inflação vir cair ficar seguir ano,0,-1,
lombard odier asset dado apontar economia fraco preço desaceler ritmo lento último dia mercado preferir abraçar narrativa inflação,0,-1,
ny peso alta retorno treasuries techs recuar nasdaq perder dow jones cair recuar,0,-1,
semana índice acumularar perda respectivamente,0,0,
tom cautela atribuir triple witching vencimento triplo opção ação índice futuro,0,0,
evento geralmente aumentar volatilidade mercado ocorrer delicar intensificar debate gráfico divulgar reunião fomc,0,0,
treasuries juro note ano avançar note ano subir ano cair,1,-1,-1.0
câmbio índice dxy ficar estabilidade semana subir alta semanal índice preço consumidor ppi forte esperar,0,0,
euro ficar estável libra ficar quase parado apesar expectativa boj elevar juro ano semana iene cair,0,0,
x antigo twitter presidente petrobras jean paul prates voltar defender noite exploração petróleo margem equatorial litoral norte brasil elemento fundamental transição energético,0,-1,
noite petrobra reiterar prometer sinalizar direção dividendo extraordinário evento analista investidor ny janeiro haver afirmar comunicar dia março,0,0,
empresa notícia voltar circular imprensa equivocar,0,0,
petrobra afirmar repudiar vazamento relatório técnico embasar discussão balanço administração informar tomar medida interno apuração responsabilização envolvido,0,0,
fato relevante companhia informar discutir mubadala capital formação parceria downstream avaliar aquisição participação refinaria mataripe refmat projeto biorrefinaria integrar biorrefinaria,0,0,
abreu lima andrade gutierrez novonor antigo odebrecht volta refinaria pivô operação lava jato empresa vencedora licitação obra complementação rnest,0,0,
construção início semestre ano procurada petrobras responder informação estadão,0,0,
braskem petroleira adnoc abu dhabi novonor sentar mesa oferta vinculante petroquímica tornar realidade reunião parte ocorrer semana apurar coluna estadão,0,0,
novonor defender revisão acordo leniência fechar união necessário refletir atual situação empresa faturar hoje faturar operação lava jato,0,0,
vale presidente substituir eduardo bartolomeo acionista representativo mineradora,1,0,-1.0
condição indicado ter conexão governo investidor retirar encontro administração mineradora passado decidir troca comando empresa,0,0,
mesmo reunião ficar acertado contratação empresa recrutamento executivo experiência internacional junho trabalho seleção lista tríplice nome encaminhar ser fazer setembro,0,0,
marisa divulgar prévia resultado financeiro operacional referente preliminar auditar lucro bruto varejo totalizar m ano,0,0,
receita líquido varejo recuar m ebitda varejo negativo m ante resultar positivo m ano,0,0,
gafisa informou noite sábado cvm decidir irregular convocação assembleia extraordinária age fundo esh theta dia assembleia ter pauta troca administração gafisa,0,0,
técnico colegiado cvm entender gafisa haver atendir pleito esh theta chamar assembleia abril caso chegar reguladora mercado pedido fundo estocolmo ravello,0,0,
construtoras setor construção civil pressionar governo reduzir subsídio oferta crédito compra imóvel usar linha atrelar recurso fundo garantia serviço fundo garantia serviço,0,0,
dado câmara brasileira indústria construção cbic cerca unidade financiar programa casa vida mcmv hoje imóvel usar linha voltar classe médio unidade usar,0,0,
petz petlove citi avaliar potencial combinação negócio empresa sentido conforme notícia circular levar oscilação ação petz índice bovespa,0,0,
broadcast petlove negar veementemente existência negociação envolver fusão petz,0,0,
oncoclínicas aprovou emissão debêntur simples conversível ação espécie quirografária série prazo vencimento ano ano serão debêntur unitário,0,0,
raízen comunicar publicar autorização início produção etanol geração parque bioenergia bonfim cidade guariba sp outorgar agência nacional petróleo gás natural biocombustíveis anp,0,0,
companhia iniciar comercialização planto g esperar capacidade nominal produção metro cúbicos anual comunicar encaminhar mercado,0,0,
emae diretor programa estadual desestatização aprovar condição geral privatização emae governo divulgar edital termo venda participação companhia,0,0,
informação prestar empresa comissão valores mobiliários cvm fato relevante,0,0,
venda emae ser tratar governo paulo termômetro futuro privatização sabesp,0,0,
sabesp consulta público contrato concessão receber sugestão população processo concluir noite governo paulo afirmar incorporar minuta privatização proposta aperfeiçoem projeto,0,0,
aéreas governo rever proposta socorro discutir agenda setor envolver crédito investimento sustentável mudança regulatório diminuir grau judicialização abrir mercado interno companhia estrangeiro,0,1,
apurar folha dificuldade financeiro empresa aéreo ser endereçar negociação reestruturação dívida situação demandar atuação emergencial evitar desestabilização setor,0,0,
inspira rede educação básico brasil receber investimento bilhão advent fundo americano private equity oferta inicial ação ipo,0,1,